<odoo>
    <data noupdate="0">
        <!-- Create a new category first -->
        <record id="module_category_visitor_registration" model="ir.module.category">
            <field name="name">Visitor Registration</field>
            <field name="sequence">100</field>
        </record>
        
        <!-- Then create the group with reference to the new category -->
        <record id="group_visitor_manager" model="res.groups">
            <field name="name">Visitor Manager</field>
            <field name="category_id" ref="module_category_visitor_registration"/>
            <field name="implied_ids" eval="[(4, ref('base.group_user'))]"/>
        </record>
    </data>
</odoo>